OutputCode,WorkplacePop
S00156721,203
S00156722,24
S00156723,30
S00156724,27
S00156725,13
S00156726,28
S00156727,17
S00156728,21
S00156729,75
S00156730,28
S00156731,28
S00156732,94
S00156733,75
S00156734,14
S00156735,26
S00156736,10
S00156737,191
S00156738,50
S00156739,14
S00156740,96
S00156741,17
S00156742,40
S00156743,42
S00156744,51
S00156745,28
S00156746,27
S00156747,17
S00156748,18
S00156749,18
S00156750,25
S00156751,23
S00156752,18
S00156753,9
S00156754,17
S00156755,7
S00156756,9
S00156757,32
S00156758,20
S00156759,40
S00156760,33
S00156761,14
S00156762,19
S00156763,24
S00156764,16
S00156765,29
S00156766,23
S00156767,24
S00156768,20
S00156769,21
S00156770,18
S00156771,11
S00156772,12
S00156773,441
S00156774,10
S00156775,15
S00156776,25
S00156777,36
S00156778,43
S00156779,21
S00156780,20
S00156781,16
S00156782,20
S00156783,11
S00156784,574
S00156785,23
S00156786,16
S00156787,17
S00156788,27
S00156789,57
S00156790,18
S00156791,15
S00156792,9
S00156793,10
S00156794,17
S00156795,7
S00156796,74
S00156797,26
S00156798,16
S00156799,15
S00156800,11
S00156801,10
S00156802,25
S00156803,8
S00156804,15
S00156805,7
S00156806,12
S00156807,11
S00156808,10
S00156809,103
S00156810,24
S00156811,37
S00156812,18
S00156813,16
S00156814,14
S00156815,11
S00156816,15
S00156817,8
S00156818,26
S00156819,13
S00156820,9
S00156821,35
S00156822,27
S00156823,125
S00156824,19
S00156825,174
S00156826,22
S00156827,24
S00156828,17
S00156829,24
S00156830,80
S00156831,37
S00156832,49
S00156833,25
S00156834,32
S00156835,45
S00156836,74
S00156837,523
S00156838,931
S00156839,338
S00156840,56
S00156841,24
S00156842,8
S00156843,31
S00156844,66
S00156845,31
S00156846,37
S00156847,28
S00156848,46
S00156849,35
S00156850,33
S00156851,29
S00156852,20
S00156853,11
S00156854,23
S00156855,24
S00156856,25
S00156857,17
S00156858,28
S00156859,38
S00156860,24
S00156861,25
S00156862,12
S00156863,39
S00156864,85
S00156865,24
S00156866,27
S00156867,10
S00156868,19
S00156869,35
S00156870,21
S00156871,19
S00156872,17
S00156873,11
S00156874,11
S00156875,30
S00156876,39
S00156877,36
S00156878,16
S00156879,22
S00156880,42
S00156881,34
S00156882,25
S00156883,17
S00156884,17
S00156885,24
S00156886,28
S00156887,37
S00156888,30
S00156889,22
S00156890,16
S00156891,21
S00156892,20
S00156893,29
S00156894,32
S00156895,27
S00156896,7
S00156897,20
S00156898,21
S00156899,12
S00156900,52
S00156901,31
S00156902,48
S00156903,17
S00156904,24
S00156905,18
S00156906,28
S00156907,21
S00156908,33
S00156909,15
S00156910,15
S00156911,16
S00156912,19
S00156913,23
S00156914,23
S00156915,13
S00156916,23
S00156917,17
S00156918,25
S00156919,23
S00156920,33
S00156921,46
S00156922,22
S00156923,19
S00156924,10
S00156925,24
S00156926,124
S00156927,18
S00156928,9
S00156929,24
S00156930,13
S00156931,21
S00156932,24
S00156933,26
S00156934,19
S00156935,25
S00156936,33
S00156937,21
S00156938,59
S00156939,19
S00156940,13
S00156941,14
S00156942,13
S00156943,32
S00156944,17
S00156945,10
S00156946,26
S00156947,27
S00156948,11
S00156949,491
S00156950,23
S00156951,23
S00156952,56
S00156953,43
S00156954,17
S00156955,21
S00156956,27
S00156957,131
S00156958,26
S00156959,24
S00156960,227
S00156961,16
S00156962,38
S00156963,14
S00156964,13
S00156965,12
S00156966,27
S00156967,25
S00156968,21
S00156969,10
S00156970,18
S00156971,15
S00156972,25
S00156973,17
S00156974,17
S00156975,21
S00156976,31
S00156977,10
S00156978,40
S00156979,17
S00156980,13
S00156981,27
S00156982,19
S00156983,32
S00156984,17
S00156985,12
S00156986,20
S00156987,23
S00156988,17
S00156989,23
S00156990,22
S00156991,27
S00156992,19
S00156993,25
S00156994,21
S00156995,53
S00156996,18
S00156997,10
S00156998,20
S00156999,30
S00157000,23
S00157001,16
S00157002,14
S00157003,34
S00157004,27
S00157005,46
S00157006,20
S00157007,13
S00157008,25
S00157009,58
S00157010,33
S00157011,22
S00157012,25
S00157013,23
S00157014,37
S00157015,122
S00157016,71
S00157017,42
S00157018,32
S00157019,22
S00157020,25
S00157021,14
S00157022,434
S00157023,18
S00157024,19
S00157025,23
S00157026,58
S00157027,21
S00157028,33
S00157029,9
S00157030,81
S00157031,22
S00157032,17
S00157033,11
S00157034,32
S00157035,47
S00157036,18
S00157037,31
S00157038,308
S00157039,27
S00157040,13
S00157041,44
S00157042,16
S00157043,9
S00157044,24
S00157045,41
S00157046,16
S00157047,22
S00157048,10
S00157049,30
S00157050,18
S00157051,16
S00157052,56
S00157053,72
S00157054,35
S00157055,27
S00157056,24
S00157057,13
S00157058,10
S00157059,15
S00157060,24
S00157061,14
S00157062,25
S00157063,21
S00157064,10
S00157065,31
S00157066,27
S00157067,38
S00157068,25
S00157069,18
S00157070,29
S00157071,19
S00157072,13
S00157073,21
S00157074,139
S00157075,20
S00157076,11
S00157077,35
S00157078,19
S00157079,19
S00157080,17
S00157081,19
S00157082,13
S00157083,12
S00157084,65
S00157085,31
S00157086,164
S00157087,29
S00157088,22
S00157089,24
S00157090,17
S00157091,43
S00157092,10
S00157093,27
S00157094,22
S00157095,28
S00157096,24
S00157097,18
S00157098,11
S00157099,19
S00157100,57
S00157101,34
S00157102,25
S00157103,18
S00157104,25
S00157105,35
S00157106,73
S00157107,52
S00157108,22
S00157109,14
S00157110,91
S00157111,17
S00157112,58
S00157113,26
S00157114,43
S00157115,52
S00157116,153
S00157117,34
S00157118,37
S00157119,16
S00157120,7
S00157121,31
S00157122,42
S00157123,25
S00157124,32
S00157125,36
S00157126,21
S00157127,27
S00157128,21
S00157129,18
S00157130,25
S00157131,35
S00157132,23
S00157133,22
S00157134,24
S00157135,37
S00157136,16
S00157137,24
S00157138,15
S00157139,38
S00157140,56
S00157141,20
S00157142,30
S00157143,20
S00157144,30
S00157145,35
S00157146,35
S00157147,17
S00157148,15
S00157149,18
S00157150,22
S00157151,46
S00157152,41
S00157153,47
S00157154,9
S00157155,35
S00157156,21
S00157157,58
S00157158,35
S00157159,25
S00157160,14
S00157161,23
S00157162,16
S00157163,30
S00157164,25
S00157165,22
S00157166,41
S00157167,81
S00157168,24
S00157169,18
S00157170,26
S00157171,47
S00157172,34
S00157173,32
S00157174,55
S00157175,25
S00157176,36
S00157177,62
S00157178,26
S00157179,32
S00157180,15
S00157181,23
S00157182,42
S00157183,16
S00157184,22
S00157185,16
S00157186,11
S00157187,42
S00157188,20
S00157189,51
S00157190,36
S00157191,50
S00157192,97
S00157193,33
S00157194,22
S00157195,19
S00157196,21
S00157197,29
S00157198,19
S00157199,19
S00157200,19
S00157201,34
S00157202,66
S00157203,10
S00157204,12
S00157205,44
S00157206,18
S00157207,40
S00157208,35
S00157209,9
S00157210,35
S00157211,56
S00157212,45
S00157213,26
S00157214,23
S00157215,24
S00157216,25
S00157217,29
S00157218,21
S00157219,38
S00157220,29
S00157221,25
S00157222,26
S00157223,31
S00157224,21
S00157225,14
S00157226,"1,379"
S00157227,16
S00157228,16
S00157229,33
S00157230,43
S00157231,28
S00157232,41
S00157233,36
S00157234,137
S00157235,49
S00157236,36
S00157237,19
S00157238,93
S00157239,35
S00157240,17
S00157241,22
S00157242,21
S00157243,192
S00157244,38
S00157245,272
S00157246,16
S00157247,52
S00157248,17
S00157249,15
S00157250,35
S00157251,66
S00157252,34
S00157253,5
S00157254,27
S00157255,16
S00157256,23
S00157257,43
S00157258,30
S00157259,33
S00157260,18
S00157261,16
S00157262,40
S00157263,23
S00157264,282
S00157265,21
S00157266,33
S00157267,18
S00157268,16
S00157269,24
S00157270,18
S00157271,19
S00157272,20
S00157273,29
S00157274,24
S00157275,21
S00157276,39
S00157277,34
S00157278,34
S00157279,30
S00157280,40
S00157281,14
S00157282,43
S00157283,22
S00157284,20
S00157285,198
S00157286,17
S00157287,79
S00157288,19
S00157289,25
S00157290,12
S00157291,20
S00157292,23
S00157293,12
S00157294,21
S00157295,37
S00157296,38
S00157297,14
S00157298,35
S00157299,10
S00157300,13
S00157301,20
S00157302,28
S00157303,9
S00157304,11
S00157305,4
S00157306,28
S00157307,51
S00157308,115
S00157309,43
S00157310,7
S00157311,370
S00157312,24
S00157313,27
S00157314,111
S00157315,35
S00157316,29
S00157317,21
S00157318,54
S00157319,20
S00157320,87
S00157321,17
S00157322,19
S00157323,26
S00157324,51
S00157325,30
S00157326,18
S00157327,21
S00157328,34
S00157329,53
S00157330,30
S00157331,18
S00157332,17
S00157333,64
S00157334,15
S00157335,20
S00157336,11
S00157337,33
S00157338,79
S00157339,27
S00157340,25
S00157341,13
S00157342,30
S00157343,34
S00157344,12
S00157345,22
S00157346,46
S00157347,36
S00157348,36
S00157349,37
S00157350,33
S00157351,33
S00157352,39
S00157353,29
S00157354,110
S00157355,34
S00157356,12
S00157357,23
S00157358,14
S00157359,28
S00157360,33
S00157361,17
S00157362,44
S00157363,38
S00157364,23
S00157365,18
S00157366,58
S00157367,158
S00157368,18
S00157369,48
S00157370,30
S00157371,22
S00157372,21
S00157373,39
S00157374,28
S00157375,19
S00157376,17
S00157377,15
S00157378,22
S00157379,20
S00157380,22
S00157381,37
S00157382,10
S00157383,22
S00157384,12
S00157385,32
S00157386,35
S00157387,40
S00157388,22
S00157389,19
S00157390,59
S00157391,23
S00157392,16
S00157393,8
S00157394,12
S00157395,16
S00157396,31
S00157397,75
S00157398,35
S00157399,54
S00157400,13
S00157401,80
S00157402,26
S00157403,14
S00157404,33
S00157405,621
S00157406,29
S00157407,14
S00157408,23
S00157409,24
S00157410,100
S00157411,25
S00157412,22
S00157413,29
S00157414,20
S00157415,35
S00157416,17
S00157417,37
S00157418,19
S00157419,29
S00157420,25
S00157421,18
S00157422,17
S00157423,174
S00157424,59
S00157425,24
S00157426,15
S00157427,27
S00157428,219
S00157429,19
S00157430,41
S00157431,55
S00157432,21
S00157433,44
S00157434,86
S00157435,27
S00157436,25
S00157437,21
S00157438,30
S00157439,43
S00157440,22
S00157441,12
S00157442,22
S00157443,22
S00157444,39
S00157445,17
S00157446,35
S00157447,27
S00157448,23
S00157449,71
S00157450,8
S00157451,31
S00157452,34
S00157453,36
S00157454,201
S00157455,36
S00157456,31
S00157457,10
S00157458,56
S00157459,22
S00157460,16
S00157461,56
S00157462,13
S00157463,21
S00157464,18
S00157465,46
S00157466,22
S00157467,40
S00157468,17
S00157469,15
S00157470,41
S00157471,36
S00157472,37
S00157473,18
S00157474,8
S00157475,30
S00157476,54
S00157477,39
S00157478,29
S00157479,42
S00157480,42
S00157481,20
S00157482,22
S00157483,17
S00157484,43
S00157485,7
S00157486,32
S00157487,17
S00157488,35
S00157489,28
S00157490,18
S00157491,15
S00157492,35
S00157493,19
S00157494,19
S00157495,15
S00157496,28
S00157497,98
S00157498,53
S00157499,37
S00157500,17
S00157501,36
S00157502,18
S00157503,26
S00157504,30
S00157505,33
S00157506,15
S00157507,22
S00157508,16
S00157509,22
S00157510,18
S00157511,320
S00157512,18
S00157513,25
S00157514,21
S00157515,30
S00157516,147
S00157517,13
S00157518,29
S00157519,29
S00157520,476
S00157521,21
S00157522,78
S00157523,13
S00157524,15
S00157525,47
S00157526,45
S00157527,17
S00157528,25
S00157529,11
S00157530,33
S00157531,9
S00157532,39
S00157533,22
S00157534,18
S00157535,16
S00157536,8
S00157537,12
S00157538,47
S00157539,31
S00157540,20
S00157541,19
S00157542,6
S00157543,13
S00157544,16
S00157545,11
S00157546,25
S00157547,25
S00157548,32
S00157549,13
S00157550,18
S00157551,44
S00157552,95
S00157553,27
S00157554,18
S00157555,14
S00157556,39
S00157557,20
S00157558,14
S00157559,25
S00157560,18
S00157561,46
S00157562,19
S00157563,66
S00157564,26
S00157565,27
S00157566,9
S00157567,31
S00157568,39
S00157569,45
S00157570,34
S00157571,22
S00157572,132
S00157573,26
S00157574,31
S00157575,12
S00157576,19
S00157577,31
S00157578,15
S00157579,29
S00157580,34
S00157581,25
S00157582,33
S00157583,27
S00157584,17
S00157585,16
S00157586,53
S00157587,47
S00157588,74
S00157589,24
S00157590,14
S00157591,184
S00157592,19
S00157593,36
S00157594,10
S00157595,20
S00157596,15
S00157597,18
S00157598,21
S00157599,23
S00157600,16
S00157601,16
S00157602,20
S00157603,22
S00157604,101
S00157605,22
S00157606,74
S00157607,16
S00157608,21
S00157609,8
S00157610,22
S00157611,13
S00157612,17
S00157613,13
S00157614,20
S00157615,16
S00157616,39
S00157617,25
S00157618,14
S00157619,9
S00157620,11
S00157621,28
S00157622,14
S00157623,29
S00157624,60
S00157625,196
S00157626,62
S00157627,13
S00157628,232
S00157629,15
S00157630,20
S00157631,39
S00157632,21
S00157633,17
S00157634,75
S00157635,23
S00157636,158
S00157637,12
S00157638,27
S00157639,25
S00157640,13
S00157641,36
S00157642,41
S00157643,26
S00157644,12
S00157645,28
S00157646,81
S00157647,34
S00157648,15
S00157649,26
S00157650,24
S00157651,58
S00157652,21
S00157653,21
S00157654,22
S00157655,14
S00157656,31
S00157657,27
S00157658,18
S00157659,40
S00157660,31
S00157661,24
S00157662,23
S00157663,26
S00157664,24
S00157665,19
S00157666,58
S00157667,"2,861"
S00157668,16
S00157669,29
S00157670,22
S00157671,17
S00157672,22
S00157673,38
S00157674,15
S00157675,27
S00157676,14
S00157677,18
S00157678,29
S00157679,34
S00157680,45
S00157681,77
S00157682,37
S00157683,35
S00157684,127
S00157685,136
S00157686,40
S00157687,15
S00157688,21
S00157689,13
S00157690,26
S00157691,13
S00157692,41
S00157693,36
S00157694,38
S00157695,52
S00157696,12
S00157697,28
S00157698,44
S00157699,21
S00157700,20
S00157701,14
S00157702,19
S00157703,68
S00157704,37
S00157705,8
S00157706,26
S00157707,32
S00157708,17
S00157709,19
S00157710,26
S00157711,38
S00157712,37
S00157713,34
S00157714,37
S00157715,10
S00157716,46
S00157717,22
S00157718,76
S00157719,10
S00157720,43
S00157721,18
S00157722,47
S00157723,11
S00157724,16
S00157725,29
S00157726,123
S00157727,10
S00157728,38
S00157729,37
S00157730,39
S00157731,45
S00157732,24
S00157733,102
S00157734,37
S00157735,20
S00157736,34
S00157737,62
S00157738,31
S00157739,17
S00157740,69
S00157741,727
S00157742,10
S00157743,27
S00157744,24
S00157745,23
S00157746,17
S00157747,28
S00157748,50
S00157749,15
S00157750,10
S00157751,33
S00157752,11
S00157753,26
S00157754,26
S00157755,14
S00157756,21
S00157757,53
S00157758,19
S00157759,28
S00157760,42
S00157761,20
S00157762,70
S00157763,31
S00157764,33
S00157765,63
S00157766,28
S00157767,19
S00157768,162
S00157769,13
S00157770,27
S00157771,144
S00157772,32
S00157773,7
S00157774,14
S00157775,43
S00157776,27
S00157777,26
S00157778,33
S00157779,14
S00157780,3
S00157781,36
S00157782,34
S00157783,91
S00157784,13
S00157785,20
S00157786,29
S00157787,25
S00157788,22
S00157789,12
S00157790,15
S00157791,14
S00157792,27
S00157793,16
S00157794,72
S00157795,50
S00157796,20
S00157797,30
S00157798,26
S00157799,31
S00157800,20
S00157801,560
S00157802,17
S00157803,15
S00157804,8
S00157805,19
S00157806,60
S00157807,23
S00157808,"2,436"
S00157809,34
S00157810,25
S00157811,5
S00157812,64
S00157813,45
S00157814,74
S00157815,44
S00157816,9
S00157817,25
S00157818,52
S00157819,30
S00157820,134
S00157821,162
S00157822,27
S00157823,23
S00157824,22
S00157825,21
S00157826,32
S00157827,17
S00157828,52
S00157829,26
S00157830,133
S00157831,62
S00157832,25
S00157833,11
S00157834,15
S00157835,22
S00157836,18
S00157837,79
S00157838,44
S00157839,22
S00157840,32
S00157841,27
S00157842,28
S00157843,19
S00157844,14
S00157845,17
S00157846,32
S00157847,23
S00157848,19
S00157849,10
S00157850,19
S00157851,20
S00157852,22
S00157853,20
S00157854,35
S00157855,28
S00157856,12
S00157857,21
S00157858,11
S00157859,25
S00157860,58
S00157861,31
S00157862,26
S00157863,25
S00157864,63
S00157865,29
S00157866,24
S00157867,9
S00157868,22
S00157869,16
S00157870,14
S00157871,17
S00157872,7
S00157873,37
S00157874,15
S00157875,14
S00157876,27
S00157877,28
S00157878,35
S00157879,27
S00157880,30
S00157881,15
S00157882,73
S00157883,25
S00157884,32
S00157885,27
S00157886,8
S00157887,26
S00157888,45
S00157889,67
S00157890,24
S00157891,22
S00157892,8
S00157893,17
S00157894,42
S00157895,31
S00157896,32
S00157897,23
S00157898,35
S00157899,44
S00157900,41
S00157901,23
S00157902,46
S00157903,14
S00157904,16
S00157905,344
S00157906,58
S00157907,70
S00157908,15
S00157909,29
S00157910,25
S00157911,28
S00157912,167
S00157913,17
S00157914,30
S00157915,29
S00157916,52
S00157917,19
S00157918,9
S00157919,8
S00157920,123
S00157921,17
S00157922,22
S00157923,39
S00157924,29
S00157925,34
S00157926,15
S00157927,34
S00157928,68
S00157929,62
S00157930,31
S00157931,86
S00157932,33
S00157933,20
S00157934,23
S00157935,44
S00157936,7
S00157937,27
S00157938,16
S00157939,14
S00157940,10
S00157941,"1,595"
S00157942,23
S00157943,34
S00157944,31
S00157945,98
S00157946,27
S00157947,46
S00157948,20
S00157949,31
S00157950,10
S00157951,30
S00157952,271
S00157953,24
S00157954,20
S00157955,29
S00157956,66
S00157957,12
S00157958,34
S00157959,30
S00157960,35
S00157961,30
S00157962,33
S00157963,22
S00157964,37
S00157965,35
S00157966,34
S00157967,42
S00157968,35
S00157969,10
S00157970,28
S00157971,19
S00157972,46
S00157973,24
S00157974,14
S00157975,17
S00157976,27
S00157977,14
S00157978,27
S00157979,23
S00157980,16
S00157981,4
S00157982,32
S00157983,21
S00157984,29
S00157985,39
S00157986,25
S00157987,32
S00157988,19
S00157989,22
S00157990,117
S00157991,30
S00157992,22
S00157993,22
S00157994,16
S00157995,24
S00157996,19
S00157997,11
S00157998,34
S00157999,35
S00158000,50
S00158001,30
S00158002,24
S00158003,37
S00158004,37
S00158005,11
S00158006,33
S00158007,24
S00158008,70
S00158009,26
S00158010,21
S00158011,30
S00158012,12
S00158013,21
S00158014,535
S00158015,24
S00158016,15
S00158017,19
S00158018,39
S00158019,26
S00158020,35
S00158021,23
S00158022,40
S00158023,62
S00158024,9
S00158025,144
S00158026,18
S00158027,11
S00158028,13
S00158029,13
S00158030,13
S00158031,282
S00158032,28
S00158033,18
S00158034,22
S00158035,17
S00158036,28
S00158037,18
S00158038,26
S00158039,26
S00158040,17
S00158041,28
S00158042,27
S00158043,17
S00158044,42
S00158045,26
S00158046,16
S00158047,16
S00158048,36
S00158049,20
S00158050,29
S00158051,32
S00158052,15
S00158053,19
S00158054,81
S00158055,29
S00158056,22
S00158057,47
S00158058,27
S00158059,24
S00158060,45
S00158061,10
S00158062,38
S00158063,21
S00158064,24
S00158065,16
S00158066,18
S00158067,24
S00158068,28
S00158069,43
S00158070,38
S00158071,23
S00158072,41
S00158073,16
S00158074,12
S00158075,33
S00158076,10
S00158077,70
S00158078,25
S00158079,13
S00158080,36
S00158081,32
S00158082,18
S00158083,42
S00158084,17
S00158085,15
S00158086,30
S00158087,18
S00158088,15
S00158089,25
S00158090,16
S00158091,87
S00158092,29
S00158093,23
S00158094,40
S00158095,22
S00158096,30
S00158097,26
S00158098,19
S00158099,91
S00158100,41
S00158101,24
S00158102,137
S00158103,20
S00158104,28
S00158105,19
S00158106,25
S00158107,68
S00158108,19
S00158109,23
S00158110,82
S00158111,50
S00158112,30
S00158113,44
S00158114,31
S00158115,9
S00158116,13
S00158117,37
S00158118,381
S00158119,31
S00158120,135
S00158121,18
S00158122,34
S00158123,39
S00158124,13
S00158125,23
S00158126,37
S00158127,26
S00158128,16
S00158129,18
S00158130,21
S00158131,120
S00158132,25
S00158133,36
S00158134,36
S00158135,14
S00158136,13
S00158137,45
S00158138,26
S00158139,31
S00158140,18
S00158141,37
S00158142,14
S00158143,41
S00158144,18
S00158145,16
S00158146,28
S00158147,21
S00158148,49
S00158149,373
S00158150,23
S00158151,32
S00158152,33
S00158153,33
S00158154,17
S00158155,24
S00158156,21
S00158157,183
S00158158,26
S00158159,16
S00158160,149
S00158161,20
S00158162,63
S00158163,78
S00158164,38
S00158165,12
S00158166,12
S00158167,44
S00158168,30
S00158169,33
S00158170,60
S00158171,12
S00158172,26
S00158173,32
S00158174,50
S00158175,20
S00158176,11
S00158177,23
S00158178,26
S00158179,22
S00158180,56
S00158181,39
S00158182,7
S00158183,77
S00158184,35
S00158185,27
S00158186,16
S00158187,18
S00158188,33
S00158189,106
S00158190,21
S00158191,49
S00158192,62
S00158193,73
S00158194,102
S00158195,57
S00158196,51
S00158197,24
S00158198,"1,458"
S00158199,9
S00158200,118
S00158201,29
S00158202,107
S00158203,23
S00158204,77
S00158205,41
S00158206,154
S00158207,24
S00158208,13
S00158209,71
S00158210,138
S00158211,70
S00158212,236
S00158213,52
S00158214,57
S00158215,47
S00158216,33
S00158217,283
S00158218,499
S00158219,28
S00158220,16
S00158221,106
S00158222,19
S00158223,35
S00158224,26
S00158225,31
S00158226,37
S00158227,24
S00158228,13
S00158229,25
S00158230,31
S00158231,13
S00158232,15
S00158233,17
S00158234,20
S00158235,21
S00158236,19
S00158237,64
S00158238,26
S00158239,24
S00158240,18
S00158241,149
S00158242,86
S00158243,16
S00158244,14
S00158245,19
S00158246,12
S00158247,21
S00158248,143
S00158249,17
S00158250,14
S00158251,60
S00158252,27
S00158253,61
S00158254,44
S00158255,66
S00158256,52
S00158257,17
S00158258,11
S00158259,21
S00158260,55
S00158261,44
S00158262,23
S00158263,15
S00158264,259
S00158265,16
S00158266,26
S00158267,41
S00158268,11
S00158269,21
S00158270,22
S00158271,31
S00158272,6
S00158273,15
S00158274,34
S00158275,16
S00158276,35
S00158277,41
S00158278,18
S00158279,46
S00158280,32
S00158281,22
S00158282,25
S00158283,27
S00158284,55
S00158285,28
S00158286,15
S00158287,21
S00158288,22
S00158289,46
S00158290,22
S00158291,51
S00158292,8
S00158293,123
S00158294,79
S00158295,40
S00158296,9
S00158297,142
S00158298,31
S00158299,21
S00158300,39
S00158301,22
S00158302,19
S00158303,24
S00158304,29
S00158305,26
S00158306,52
S00158307,34
S00158308,84
S00158309,82
S00158310,15
S00158311,84
S00158312,25
S00158313,44
S00158314,20
S00158315,25
S00158316,39
S00158317,19
S00158318,109
S00158319,19
S00158320,14
S00158321,37
S00158322,50
S00158323,16
S00158324,24
S00158325,146
S00158326,21
S00158327,26
S00158328,118
S00158329,74
S00158330,94
S00158331,"13,433"
S00158332,43
S00158333,34
S00158334,32
S00158335,61
S00158336,16
S00158337,12
S00158338,28
S00158339,36
S00158340,16
S00158341,"3,556"
S00158342,14
S00158343,38
S00158344,23
S00158345,13
S00158346,66
S00158347,78
S00158348,22
S00158349,43
S00158350,18
S00158351,19
S00158352,26
S00158353,18
S00158354,49
S00158355,6
S00158356,41
S00158357,30
S00158358,56
S00158359,18
S00158360,36
S00158361,31
S00158362,36
S00158363,34
S00158364,23
S00158365,95
S00158366,34
S00158367,16
S00158368,63
S00158369,25
S00158370,12
S00158371,39
S00158372,33
S00158373,21
S00158374,53
S00158375,34
S00158376,37
S00158377,26
S00158378,21
S00158379,56
S00158380,23
S00158381,120
S00158382,35
S00158383,37
S00158384,50
S00158385,32
S00158386,20
S00158387,28
S00158388,20
S00158389,66
S00158390,28
S00158391,21
S00158392,13
S00158393,14
S00158394,38
S00158395,22
S00158396,15
S00158397,10
S00158398,32
S00158399,3
S00158400,37
S00158401,53
S00158402,18
S00158403,29
S00158404,198
S00158405,20
S00158406,100
S00158407,14
S00158408,22
S00158409,39
S00158410,29
S00158411,18
S00158412,11
S00158413,33
S00158414,43
S00158415,68
S00158416,19
S00158417,27
S00158418,14
S00158419,19
S00158420,21
S00158421,48
S00158422,30
S00158423,29
S00158424,62
S00158425,18
S00158426,21
S00158427,23
S00158428,41
S00158429,49
S00158430,12
S00158431,103
S00158432,38
S00158433,33
S00158434,45
S00158435,31
S00158436,23
S00158437,32
S00158438,23
S00158439,17
S00158440,44
S00158441,53
S00158442,36
S00158443,28
S00158444,34
S00158445,25
S00158446,33
S00158447,16
S00158448,25
S00158449,34
S00158450,31
S00158451,32
S00158452,48
S00158453,43
S00158454,46
S00158455,41
S00158456,82
S00158457,23
S00158458,20
S00158459,25
S00158460,18
S00158461,939
S00158462,26
S00158463,160
S00158464,44
S00158465,13
S00158466,10
S00158467,28
S00158468,31
S00158469,34
S00158470,72
S00158471,38
S00158472,65
S00158473,19
S00158474,63
S00158475,24
S00158476,18
S00158477,99
S00158478,19
S00158479,39
S00158480,86
S00158481,21
S00158482,18
S00158483,42
S00158484,35
S00158485,27
S00158486,57
S00158487,18
S00158488,116
S00158489,47
S00158490,15
S00158491,14
S00158492,44
S00158493,32
S00158494,34
S00158495,24
S00158496,30
S00158497,20
S00158498,21
S00158499,30
S00158500,10
S00158501,22
S00158502,34
S00158503,136
S00158504,15
S00158505,29
S00158506,12
S00158507,28
S00158508,31
S00158509,14
S00158510,49
S00158511,29
S00158512,30
S00158513,16
S00158514,14
S00158515,120
S00158516,28
S00158517,9
S00158518,35
S00158519,34
S00158520,39
S00158521,45
S00158522,23
S00158523,101
S00158524,31
S00158525,15
S00158526,25
S00158527,27
S00158528,31
S00158529,24
S00158530,114
S00158531,33
S00158532,33
S00158533,32
S00158534,33
S00158535,59
S00158536,19
S00158537,26
S00158538,68
S00158539,37
S00158540,550
S00158541,20
S00158542,46
S00158543,23
S00158544,37
S00158545,39
S00158546,18
S00158547,21
S00158548,28
S00158549,21
S00158550,11
S00158551,43
S00158552,11
S00158553,40
S00158554,12
S00158555,17
S00158556,101
S00158557,37
S00158558,151
S00158559,33
S00158560,19
S00158561,22
S00158562,17
S00158563,57
S00158564,18
S00158565,42
S00158566,17
S00158567,21
S00158568,20
S00158569,807
S00158570,81
S00158571,128
S00158572,32
S00158573,43
S00158574,18
S00158575,25
S00158576,"1,472"
S00158577,16
S00158578,40
S00158579,24
S00158580,22
S00158581,45
S00158582,40
S00158583,59
S00158584,16
S00158585,27
S00158586,18
S00158587,19
S00158588,29
S00158589,98
S00158590,73
S00158591,52
S00158592,17
S00158593,22
S00158594,35
S00158595,84
S00158596,59
S00158597,25
S00158598,10
S00158599,209
S00158600,206
S00158601,45
S00158602,51
S00158603,9
S00158604,22
S00158605,23
S00158606,52
S00158607,99
S00158608,54
S00158609,31
S00158610,90
S00158611,60
S00158612,170
S00158613,63
S00158614,27
S00158615,22
S00158616,15
S00158617,29
S00158618,16
S00158619,18
S00158620,24
S00158621,56
S00158622,16
S00158623,40
S00158624,73
S00158625,54
S00158626,23
S00158627,52
S00158628,33
S00158629,20
S00158630,24
S00158631,12
S00158632,51
S00158633,13
S00158634,42
S00158635,17
S00158636,39
S00158637,27
S00158638,22
S00158639,36
S00158640,18
S00158641,20
S00158642,82
S00158643,26
S00158644,25
S00158645,27
S00158646,14
S00158647,20
S00158648,38
S00158649,69
S00158650,36
S00158651,74
S00158652,12
S00158653,17
S00158654,27
S00158655,30
S00158656,65
S00158657,20
S00158658,23
S00158659,579
S00158660,46
S00158661,25
S00158662,44
S00158663,53
S00158664,23
S00158665,24
S00158666,44
S00158667,115
S00158668,13
S00158669,90
S00158670,39
S00158671,23
S00158672,39
S00158673,24
S00158674,"2,868"
S00158675,32
S00158676,13
S00158677,23
S00158678,31
S00158679,13
S00158680,22
S00158681,598
S00158682,85
S00158683,7
S00158684,29
S00158685,870
S00158686,14
S00158687,13
S00158688,20
S00158689,90
S00158690,47
S00158691,33
S00158692,907
S00158693,26
S00158694,32
S00158695,50
S00158696,14
S00158697,34
S00158698,43
S00158699,38
S00158700,57
S00158701,28
S00158702,13
S00158703,"1,143"
S00158704,64
S00158705,39
S00158706,9
S00158707,28
S00158708,76
S00158709,16
S00158710,15
S00158711,28
S00158712,5
S00158713,25
S00158714,14
S00158715,22
S00158716,28
S00158717,38
S00158718,34
S00158719,41
S00158720,27
S00158721,155
S00158722,24
S00158723,25
S00158724,66
S00158725,23
S00158726,57
S00158727,34
S00158728,20
S00158729,10
S00158730,13
S00158731,11
S00158732,20
S00158733,10
S00158734,21
S00158735,11
S00158736,113
S00158737,33
S00158738,15
S00158739,19
S00158740,22
S00158741,32
S00158742,20
S00158743,17
S00158744,21
S00158745,86
S00158746,21
S00158747,198
S00158748,32
S00158749,29
S00158750,68
S00158751,36
S00158752,33
S00158753,270
S00158754,30
S00158755,13
S00158756,39
S00158757,17
S00158758,22
S00158759,48
S00158760,68
S00158761,30
S00158762,44
S00158763,49
S00158764,27
S00158765,20
S00158766,26
S00158767,20
S00158768,29
S00158769,96
S00158770,17
S00158771,7
S00158772,18
S00158773,47
S00158774,19
S00158775,131
S00158776,9
S00158777,183
S00158778,13
S00158779,26
S00158780,15
S00158781,"1,487"
S00158782,54
S00158783,52
S00158784,65
S00158785,"5,622"
S00158786,17
S00158787,19
S00158788,474
S00158789,15
S00158790,14
S00158791,356
S00158792,22
S00158793,34
S00158794,11
S00158795,14
S00158796,15
S00158797,20
S00158798,19
S00158799,12
S00158800,15
S00158801,20
S00158802,34
S00158803,27
S00158804,48
S00158805,28
S00158806,47
S00158807,27
S00158808,174
S00158809,47
S00158810,29
S00158811,25
S00158812,36
S00158813,54
S00158814,43
S00158815,29
S00158816,16
S00158817,28
S00158818,968
S00158819,35
S00158820,35
S00158821,71
S00158822,41
S00158823,45
S00158824,26
S00158825,33
S00158826,99
S00158827,50
S00158828,30
S00158829,29
S00158830,13
S00158831,67
S00158832,12
S00158833,29
S00158834,30
S00158835,21
S00158836,29
S00158837,17
S00158838,39
S00158839,30
S00158840,104
S00158841,55
S00158842,33
S00158843,9
S00158844,127
S00158845,14
S00158846,16
S00158847,30
S00158848,24
S00158849,14
S00158850,20
S00158851,8
S00158852,88
S00158853,26
S00158854,208
S00158855,10
S00158856,23
S00158857,29
S00158858,198
S00158859,19
S00158860,18
S00158861,24
S00158862,87
S00158863,44
S00158864,98
S00158865,22
S00158866,195
S00158867,17
S00158868,17
S00158869,28
S00158870,131
S00158871,845
S00158872,47
S00158873,338
S00158874,18
S00158875,33
S00158876,17
S00158877,356
S00158878,24
S00158879,25
S00158880,15
S00158881,248
S00158882,37
S00158883,30
S00158884,105
S00158885,199
S00158886,35
S00158887,73
S00158888,19
S00158889,16
S00158890,18
S00158891,16
S00158892,651
S00158893,338
S00158894,11
S00158895,15
S00158896,27
S00158897,77
S00158898,23
S00158899,111
S00158900,19
S00158901,24
S00158902,18
S00158903,25
S00158904,56
S00158905,62
S00158906,737
S00158907,72
S00158908,54
S00158909,21
S00158910,20
S00158911,33
S00158912,4
S00158913,206
S00158914,127
S00158915,11
S00158916,28
S00158917,83
S00158918,9
S00158919,349
S00158920,13
S00158921,27
S00158922,34
S00158923,34
S00158924,17
S00158925,6
S00158926,7
S00158927,20
S00158928,13
S00158929,15
S00158930,52
S00158931,20
S00158932,140
S00158933,32
S00158934,21
S00158935,45
S00158936,139
S00158937,27
S00158938,50
S00158939,16
S00158940,104
S00158941,28
S00158942,20
S00158943,74
S00158944,32
S00158945,75
S00158946,16
S00158947,14
S00158948,24
S00158949,22
S00158950,42
S00158951,46
S00158952,50
S00158953,11
S00158954,7
S00158955,"17,339"
S00158956,20
S00158957,31
S00158958,17
S00158959,101
S00158960,124
S00158961,154
S00158962,21
S00158963,13
S00158964,15
S00158965,20
S00158966,92
S00158967,14
S00158968,25
S00158969,55
S00158970,32
S00158971,22
S00158972,19
S00158973,56
S00158974,45
S00158975,29
S00158976,13
S00158977,16
S00158978,28
S00158979,38
S00158980,20
S00158981,22
S00158982,19
S00158983,15
S00158984,29
S00158985,42
S00158986,30
S00158987,29
S00158988,19
S00158989,113
S00158990,69
S00158991,22
S00158992,42
S00158993,"1,367"
S00158994,22
S00158995,19
S00158996,16
S00158997,21
S00158998,146
S00158999,16
S00159000,18
S00159001,23
S00159002,10
S00159003,26
S00159004,92
S00159005,"1,136"
S00159006,26
S00159007,18
S00159008,19
S00159009,17
S00159010,21
S00159011,176
S00159012,14
S00159013,7
S00159014,19
S00159015,26
S00159016,34
S00159017,65
S00159018,51
S00159019,193
S00159020,208
S00159021,14
S00159022,20
S00159023,12
S00159024,21
S00159025,11
S00159026,33
S00159027,12
S00159028,28
S00159029,14
S00159030,37
S00159031,68
S00159032,11
S00159033,25
S00159034,15
S00159035,33
S00159036,554
S00159037,16
S00159038,42
S00159039,14
S00159040,25
S00159041,16
S00159042,15
S00159043,12
S00159044,11
S00159045,26
S00159046,20
S00159047,15
S00159048,30
S00159049,17
S00159050,31
S00159051,23
S00159052,147
S00159053,77
S00159054,62
S00159055,31
S00159056,8
S00159057,19
S00159058,17
S00159059,41
S00159060,15
S00159061,891
S00159062,18
S00159063,20
S00159064,25
S00159065,"1,436"
S00159066,13
S00159067,21
S00159068,17
S00159069,35
S00159070,13
S00159071,12
S00159072,10
S00159073,23
S00159074,13
S00159075,7
S00159076,22
S00159077,29
S00159078,41
S00159079,"1,735"
S00159080,46
S00159081,16
S00159082,25
S00159083,38
S00159084,20
S00159085,46
S00159086,60
S00159087,19
S00159088,36
S00159089,31
S00159090,12
S00159091,29
S00159092,10
S00159093,76
S00159094,18
S00159095,75
S00159096,21
S00159097,74
S00159098,66
S00159099,"4,567"
S00159100,56
S00159101,19
S00159102,29
S00159103,48
S00159104,56
S00159105,47
S00159106,15
S00159107,10
S00159108,17
S00159109,6
S00159110,20
S00159111,32
S00159112,55
S00159113,42
S00159114,29
S00159115,15
S00159116,23
S00159117,15
S00159118,13
S00159119,37
S00159120,20
S00159121,107
S00159122,19
S00159123,19
S00159124,41
S00159125,29
S00159126,35
S00159127,55
S00159128,31
S00159129,23
S00159130,87
S00159131,31
S00159132,35
S00159133,20
S00159134,17
S00159135,21
S00159136,23
S00159137,46
S00159138,46
S00159139,86
S00159140,31
S00159141,23
S00159142,13
S00159143,36
S00159144,341
S00159145,45
S00159146,49
S00159147,95
S00159148,27
S00159149,137
S00159150,9
S00159151,40
S00159152,68
S00159153,21
S00159154,20
S00159155,27
S00159156,25
S00159157,16
S00159158,49
S00159159,20
S00159160,11
S00159161,"4,718"
S00159162,19
S00159163,13
S00159164,17
S00159165,13
S00159166,25
S00159167,20
S00159168,35
S00159169,18
S00159170,16
S00159171,41
S00159172,25
S00159173,161
S00159174,25
S00159175,44
S00159176,40
S00159177,35
S00159178,41
S00159179,26
S00159180,62
S00159181,58
S00159182,174
S00159183,22
S00159184,22
S00159185,46
S00159186,21
S00159187,32
S00159188,10
S00159189,31
S00159190,65
S00159191,18
S00159192,27
S00159193,55
S00159194,24
S00159195,67
S00159196,"3,486"
S00159197,18
S00159198,47
S00159199,24
S00159200,46
S00159201,18
S00159202,37
S00159203,32
S00159204,28
S00159205,30
S00159206,27
S00159207,49
S00159208,36
S00159209,14
S00159210,26
S00159211,26
S00159212,27
S00159213,37
S00159214,22
S00159215,"2,351"
S00159216,12
S00159217,7
S00159218,25
S00159219,36
S00159220,27
S00159221,18
S00159222,21
S00159223,17
S00159224,53
S00159225,10
S00159226,29
S00159227,27
S00159228,15
S00159229,10
S00159230,33
S00159231,13
S00159232,24
S00159233,56
S00159234,130
S00159235,24
S00159236,11
S00159237,31
S00159238,37
S00159239,26
S00159240,13
S00159241,13
S00159242,808
S00159243,25
S00159244,43
S00159245,13
S00159246,16
S00159247,14
S00159248,50
S00159249,33
S00159250,356
S00159251,14
S00159252,18
S00159253,22
S00159254,53
S00159255,17
S00159256,32
S00159257,30
S00159258,27
S00159259,179
S00159260,26
S00159261,20
S00159262,21
S00159263,14
S00159264,17
S00159265,38
S00159266,20
S00159267,26
S00159268,41
S00159269,6
S00159270,29
S00159271,215
S00159272,25
S00159273,22
S00159274,11
S00159275,30
S00159276,43
S00159277,24
S00159278,20
S00159279,18
S00159280,701
S00159281,47
S00159282,17
S00159283,"1,044"
S00159284,75
S00159285,45
S00159286,28
S00159287,11
S00159288,86
S00159289,38
S00159290,27
S00159291,19
S00159292,143
S00159293,35
S00159294,520
S00159295,40
S00159296,27
S00159297,13
S00159298,32
S00159299,11
S00159300,22
S00159301,157
S00159302,15
S00159303,6
S00159304,31
S00159305,217
S00159306,785
S00159307,45
S00159308,22
S00159309,40
S00159310,27
S00159311,39
S00159312,17
S00159313,14
S00159314,22
S00159315,60
S00159316,56
S00159317,8
S00159318,20
S00159319,16
S00159320,19
S00159321,36
S00159322,19
S00159323,156
S00159324,16
S00159325,47
S00159326,258
S00159327,14
S00159328,19
S00159329,24
S00159330,28
S00159331,19
S00159332,21
S00159333,29
S00159334,16
S00159335,30
S00159336,79
S00159337,18
S00159338,13
S00159339,42
S00159340,8
S00159341,39
S00159342,54
S00159343,14
S00159344,351
S00159345,16
S00159346,14
S00159347,789
S00159348,22
S00159349,9
S00159350,25
S00159351,7
S00159352,14
S00159353,54
S00159354,16
S00159355,23
S00159356,69
S00159357,656
S00159358,24
S00159359,35
S00159360,178
S00159361,41
S00159362,22
S00159363,14
S00159364,37
S00159365,99
S00159366,"2,481"
S00159367,16
S00159368,20
S00159369,29
S00159370,39
S00159371,54
S00159372,297
S00159373,4
S00159374,20
S00159375,46
S00159376,14
S00159377,45
S00159378,18
S00159379,23
S00159380,53
S00159381,48
S00159382,11
S00159383,18
S00159384,89
S00159385,36
S00159386,151
S00159387,18
S00159388,16
S00159389,60
S00159390,31
S00159391,32
S00159392,377
S00159393,22
S00159394,20
S00159395,5
S00159396,93
S00159397,24
S00159398,12
S00159399,224
S00159400,26
S00159401,56
S00159402,16
S00159403,35
S00159404,14
S00159405,37
S00159406,21
S00159407,90
S00159408,22
S00159409,38
S00159410,37
S00159411,28
S00159412,46
S00159413,4
S00159414,15
S00159415,15
S00159416,7
S00159417,44
S00159418,42
S00159419,31
S00159420,18
S00159421,14
S00159422,8
S00159423,15
S00159424,18
S00159425,83
S00159426,20
S00159427,21
S00159428,8
S00159429,123
S00159430,39
S00159431,31
S00159432,8
S00159433,55
S00159434,26
S00159435,42
S00159436,37
S00159437,10
S00159438,15
S00159439,46
S00159440,25
S00159441,37
S00159442,39
S00159443,37
S00159444,22
S00159445,17
S00159446,9
S00159447,44
S00159448,18
S00159449,273
S00159450,18
S00159451,20
S00159452,8
S00159453,48
S00159454,41
S00159455,57
S00159456,19
S00159457,49
S00159458,95
S00159459,38
S00159460,83
S00159461,34
S00159462,14
S00159463,41
S00159464,26
S00159465,28
S00159466,34
S00159467,19
S00159468,38
S00159469,17
S00159470,216
S00159471,26
S00159472,12
S00159473,16
S00159474,25
S00159475,88
S00159476,34
S00159477,25
S00159478,17
S00159479,24
S00159480,733
S00159481,31
S00159482,18
S00159483,61
S00159484,28
S00159485,12
S00159486,18
S00159487,19
S00159488,97
S00159489,26
S00159490,11
S00159491,22
S00159492,29
S00159493,39
S00159494,19
S00159495,7
S00159496,18
S00159497,17
S00159498,12
S00159499,89
S00159500,11
S00159501,49
S00159502,167
S00159503,43
S00159504,94
S00159505,54
S00159506,9
S00159507,21
S00159508,12
S00159509,151
S00159510,30
S00159511,49
S00159512,31
S00159513,41
S00159514,25
S00159515,79
S00159516,25
S00159517,31
S00159518,20
S00159519,40
S00159520,15
S00159521,17
S00159522,28
S00159523,60
S00159524,19
S00159525,23
S00159526,54
S00159527,45
S00159528,14
S00159529,12
S00159530,18
S00159531,16
S00159532,10
S00159533,26
S00159534,18
S00159535,21
S00159536,25
S00159537,35
S00159538,16
S00159539,26
S00159540,20
S00159541,20
S00159542,33
S00159543,296
S00159544,14
S00159545,83
S00159546,6
S00159547,704
S00159548,26
S00159549,25
S00159550,62
S00159551,14
S00159552,16
S00159553,37
S00159554,20
S00159555,15
S00159556,17
S00159557,16
S00159558,19
S00159559,35
S00159560,28
S00159561,21
S00159562,29
S00159563,29
S00159564,17
S00159565,32
S00159566,40
S00159567,24
S00159568,74
S00159569,207
S00159570,20
S00159571,21
S00159572,26
S00159573,18
S00159574,40
S00159575,197
S00159576,27
S00159577,49
S00159578,14
S00159579,17
S00159580,24
S00159581,38
S00159582,23
S00159583,73
S00159584,22
S00159585,56
S00159586,65
S00159587,11
S00159588,19
S00159589,100
S00159590,37
S00159591,24
S00159592,34
S00159593,19
S00159594,35
S00159595,89
S00159596,162
S00159597,12
S00159598,30
S00159599,77
S00159600,35
S00159601,23
S00159602,148
S00159603,136
S00159604,49
S00159605,34
S00159606,345
S00159607,27
S00159608,23
S00159609,47
S00159610,27
S00159611,20
S00159612,52
S00159613,21
S00159614,18
S00159615,25
S00159616,43
S00159617,56
S00159618,29
S00159619,9
S00159620,25
S00159621,17
S00159622,23
S00159623,47
S00159624,19
S00159625,32
S00159626,24
S00159627,29
S00159628,18
S00159629,"2,021"
S00159630,111
S00159631,34
S00159632,34
S00159633,17
S00159634,68
S00159635,26
S00159636,23
S00159637,12
S00159638,27
S00159639,26
S00159640,41
S00159641,957
S00159642,21
S00159643,28
S00159644,10
S00159645,23
S00159646,20
S00159647,45
S00159648,36
S00159649,24
S00159650,16
S00159651,36
S00159652,28
S00159653,59
S00159654,48
S00159655,38
S00159656,83
S00159657,31
S00159658,26
S00159659,48
S00159660,25
S00159661,14
S00159662,32
S00159663,43
S00159664,71
S00159665,103
S00159666,40
S00159667,28
S00159668,74
S00159669,99
S00159670,18
S00159671,17
S00159672,8
S00159673,19
S00159674,29
S00159675,34
S00159676,15
S00159677,38
S00159678,18
S00159679,51
S00159680,104
S00159681,29
S00159682,13
S00159683,40
S00159684,32
S00159685,26
S00159686,29
S00159687,15
S00159688,28
S00159689,28
S00159690,61
S00159691,10
S00159692,24
S00159693,44
S00159694,35
S00159695,29
S00159696,64
S00159697,29
S00159698,32
S00159699,237
S00159700,71
S00159701,26
S00159702,19
S00159703,35
S00159704,15
S00159705,23
S00159706,34
S00159707,25
S00159708,53
S00159709,13
S00159710,67
S00159711,43
S00159712,44
S00159713,949
S00159714,28
S00159715,64
S00159716,78
S00159717,21
S00159718,35
S00159719,7
S00159720,47
S00159721,46
S00159722,29
S00159723,51
S00159724,974
S00159725,33
S00159726,21
S00159727,47
S00159728,30
S00159729,107
S00159730,30
S00159731,44
S00159732,11
S00159733,43
S00159734,33
S00159735,12
S00159736,22
S00159737,17
S00159738,58
S00159739,35
S00159740,16
S00159741,227
S00159742,14
S00159743,35
S00159744,47
S00159745,9
S00159746,17
S00159747,26
S00159748,19
S00159749,28
S00159750,27
S00159751,30
S00159752,172
S00159753,28
S00159754,32
S00159755,25
S00159756,11
S00159757,21
S00159758,47
S00159759,105
S00159760,91
S00159761,16
S00159762,27
S00159763,11
S00159764,18
S00159765,22
S00159766,26
S00159767,66
S00159768,802
S00159769,190
S00159770,19
S00159771,16
S00159772,24
S00159773,29
S00159774,35
S00159775,10
S00159776,25
S00159777,49
S00159778,28
S00159779,23
S00159780,31
S00159781,47
S00159782,28
S00159783,20
S00159784,152
S00159785,21
S00159786,55
S00159787,21
S00159788,20
S00159789,20
S00159790,14
S00159791,31
S00159792,17
S00159793,34
S00159794,37
S00159795,15
S00159796,27
S00159797,24
S00159798,15
S00159799,26
S00159800,10
S00159801,16
S00159802,25
S00159803,83
S00159804,25
S00159805,18
S00159806,44
S00159807,28
S00159808,71
S00159809,25
S00159810,35
S00159811,81
S00159812,29
S00159813,24
S00159814,27
S00159815,32
S00159816,17
S00159817,12
S00159818,29
S00159819,29
S00159820,25
S00159821,27
S00159822,66
S00159823,27
S00159824,19
S00159825,82
S00159826,27
S00159827,28
S00159828,29
S00159829,13
S00159830,24
S00159831,27
S00159832,41
S00159833,17
S00159834,37
S00159835,77
S00159836,29
S00159837,35
S00159838,26
S00159839,123
S00159840,49
S00159841,22
S00159842,16
S00159843,37
S00159844,21
S00159845,24
S00159846,56
S00159847,42
S00159848,10
S00159849,11
S00159850,23
S00159851,78
S00159852,47
S00159853,19
S00159854,53
S00159855,226
S00159856,55
S00159857,18
S00159858,45
S00159859,112
S00159860,20
S00159861,26
S00159862,13
S00159863,44
S00159864,31
S00159865,30
S00159866,15
S00159867,27
S00159868,11
S00159869,19
S00159870,22
S00159871,101
S00159872,50
S00159873,46
S00159874,15
S00159875,19
S00159876,24
S00159877,17
S00159878,26
S00159879,33
S00159880,375
S00159881,33
S00159882,41
S00159883,40
S00159884,21
S00159885,33
S00159886,18
S00159887,24
S00159888,5
S00159889,15
S00159890,46
S00159891,39
S00159892,25
S00159893,56
S00159894,26
S00159895,30
S00159896,22
S00159897,51
S00159898,21
S00159899,197
S00159900,28
S00159901,25
S00159902,20
S00159903,321
S00159904,25
S00159905,20
S00159906,109
S00159907,14
S00159908,20
S00159909,18
S00159910,15
S00159911,23
S00159912,21
S00159913,93
S00159914,46
S00159915,22
S00159916,24
S00159917,37
S00159918,35
S00159919,248
S00159920,12
S00159921,30
S00159922,633
S00159923,111
S00159924,25
S00159925,33
S00159926,17
S00159927,76
S00159928,11
S00159929,40
S00159930,24
S00159931,395
S00159932,24
S00159933,28
S00159934,42
S00159935,637
S00159936,25
S00159937,24
S00159938,83
S00159939,64
S00159940,21
S00159941,24
S00159942,20
S00159943,32
S00159944,24
S00159945,113
S00159946,14
S00159947,17
S00159948,21
S00159949,24
S00159950,134
S00159951,19
S00159952,25
S00159953,70
S00159954,194
S00159955,14
S00159956,18
S00159957,33
S00159958,58
S00159959,23
S00159960,35
S00159961,34
S00159962,33
S00159963,56
S00159964,113
S00159965,24
S00159966,223
S00159967,25
S00159968,83
S00159969,161
S00159970,9
S00159971,8
S00159972,28
S00159973,33
S00159974,22
S00159975,28
S00159976,460
S00159977,21
S00159978,25
S00159979,20
S00159980,74
S00159981,181
S00159982,19
S00159983,30
S00159984,26
S00159985,"1,305"
S00159986,29
S00159987,23
S00159988,15
S00159989,32
S00159990,22
S00159991,27
S00159992,30
S00159993,18
S00159994,14
S00159995,21
S00159996,19
S00159997,38
S00159998,11
S00159999,14
S00160000,169
S00160001,11
S00160002,16
S00160003,24
S00160004,30
S00160005,25
S00160006,39
S00160007,18
S00160008,20
S00160009,241
S00160010,34
S00160011,94
S00160012,25
S00160013,42
S00160014,25
S00160015,63
S00160016,10
S00160017,451
S00160018,18
S00160019,16
S00160020,33
S00160021,17
S00160022,30
S00160023,32
S00160024,29
S00160025,24
S00160026,22
S00160027,25
S00160028,71
S00160029,19
S00160030,44
S00160031,39
S00160032,19
S00160033,20
S00160034,25
S00160035,50
S00160036,44
S00160037,45
S00160038,50
S00160039,30
S00160040,29
S00160041,37
S00160042,33
S00160043,52
S00160044,43
S00160045,17
S00160046,28
S00160047,113
S00160048,96
S00160049,34
S00160050,14
S00160051,103
S00160052,12
S00160053,42
S00160054,12
S00160055,51
S00160056,73
S00160057,26
S00160058,11
S00160059,32
S00160060,55
S00160061,18
S00160062,25
S00160063,34
S00160064,60
S00160065,74
S00160066,27
S00160067,49
S00160068,41
S00160069,32
S00160070,272
S00160071,60
S00160072,29
S00160073,44
S00160074,21
S00160075,18
S00160076,38
S00160077,38
S00160078,44
S00160079,123
S00160080,18
S00160081,145
S00160082,17
S00160083,39
S00160084,16
S00160085,10
S00160086,141
S00160087,41
S00160088,20
S00160089,24
S00160090,12
S00160091,323
S00160092,27
S00160093,27
S00160094,162
S00160095,36
S00160096,122
S00160097,21
S00160098,32
S00160099,18
S00160100,45
S00160101,24
S00160102,26
S00160103,13
S00160104,27
S00160105,24
S00160106,17
S00160107,23
S00160108,21
S00160109,11
S00160110,25
S00160111,11
S00160112,11
S00160113,42
S00160114,32
S00160115,39
S00160116,55
S00160117,22
S00160118,51
S00160119,31
S00160120,12
S00160121,9
S00160122,18
S00160123,39
S00160124,39
S00160125,28
S00160126,52
S00160127,19
S00160128,31
S00160129,33
S00160130,21
S00160131,12
S00160132,42
S00160133,23
S00160134,192
S00160135,67
S00160136,24
S00160137,92
S00160138,40
S00160139,49
S00160140,21
S00160141,43
S00160142,25
S00160143,38
S00160144,36
S00160145,20
S00160146,74
S00160147,32
S00160148,17
S00160149,18
S00160150,41
S00160151,38
S00160152,61
S00160153,35
S00160154,44
S00160155,35
S00160156,105
S00160157,30
S00160158,25
S00160159,33
S00160160,27
S00160161,45
S00160162,92
S00160163,44
S00160164,34
S00160165,29
S00160166,21
S00160167,28
S00160168,28
S00160169,145
S00160170,36
S00160171,19
S00160172,20
S00160173,5
S00160174,13
S00160175,38
S00160176,16
S00160177,12
S00160178,28
S00160179,26
S00160180,61
S00160181,12
S00160182,24
S00160183,15
S00160184,13
S00160185,22
S00160186,7
S00160187,21
S00160188,28
S00160189,22
S00160190,50
S00160191,55
S00160192,54
S00160193,46
S00160194,45
S00160195,42
S00160196,20
S00160197,28
S00160198,15
S00160199,35
S00160200,20
S00160201,41
S00160202,33
S00160203,41
S00160204,21
S00160205,41
S00160206,26
S00160207,18
S00160208,32
S00160209,20
S00160210,19
S00160211,40
S00160212,16
S00160213,23
S00160214,20
S00160215,35
S00160216,46
S00160217,26
S00160218,51
S00160219,48
S00160220,33
S00160221,23
S00160222,47
S00160223,463
S00160224,51
S00160225,43
S00160226,165
S00160227,14
S00160228,16
S00160229,22
S00160230,16
S00160231,20
S00160232,36
S00160233,6
S00160234,18
S00160235,20
S00160236,21
S00160237,46
S00160238,11
S00160239,32
S00160240,13
S00160241,167
S00160242,36
S00160243,12
S00160244,31
S00160245,28
S00160246,41
S00160247,17
S00160248,18
S00160249,187
S00160250,17
S00160251,104
S00160252,10
S00160253,21
S00160254,79
S00160255,41
S00160256,23
S00160257,11
S00160258,29
S00160259,19
S00160260,25
S00160261,22
S00160262,104
S00160263,12
S00160264,29
S00160265,20
S00160266,67
S00160267,57
S00160268,18
S00160269,10
S00160270,21
S00160271,23
S00160272,15
S00160273,86
S00160274,93
S00160275,187
S00160276,13
S00160277,9
S00160278,24
S00160279,36
S00160280,22
S00160281,16
S00160282,121
S00160283,25
S00160284,17
S00160285,17
S00160286,77
S00160287,46
S00160288,17
S00160289,94
S00160290,33
S00160291,25
S00160292,20
S00160293,22
S00160294,17
S00160295,8
S00160296,67
S00160297,46
S00160298,40
S00160299,59
S00160300,18
S00160301,71
S00160302,42
S00160303,16
S00160304,22
S00160305,9
S00160306,28
S00160307,38
S00160308,21
S00160309,116
S00160310,33
S00160311,40
S00160312,22
S00160313,78
S00160314,34
S00160315,19
S00160316,143
S00160317,22
S00160318,60
S00160319,29
S00160320,15
S00160321,44
S00160322,27
S00160323,14
S00160324,19
S00160325,25
S00160326,23
S00160327,18
S00160328,17
S00160329,29
S00160330,24
S00160331,21
S00160332,49
S00160333,24
S00160334,33
S00160335,54
S00160336,12
S00160337,324
S00160338,24
S00160339,35
S00160340,18
S00160341,26
S00160342,15
S00160343,78
S00160344,17
S00160345,32
S00160346,8
S00160347,25
S00160348,21
S00160349,17
S00160350,32
S00160351,18
S00160352,24
S00160353,26
S00160354,25
S00160355,44
S00160356,12
S00160357,36
S00160358,32
S00160359,37
S00160360,31
S00160361,17
S00160362,32
S00160363,28
S00160364,42
S00160365,19
S00160366,30
S00160367,41
S00160368,20
S00160369,33
S00160370,39
S00160371,16
S00160372,25
S00160373,42
S00160374,32
S00160375,24
S00160376,45
S00160377,34
S00160378,36
S00160379,50
S00160380,111
S00160381,364
S00160382,33
S00160383,26
S00160384,23
S00160385,13
S00160386,19
S00160387,18
S00160388,63
S00160389,44
S00160390,27
S00160391,17
S00160392,26
S00160393,43
S00160394,31
S00160395,29
S00160396,14
S00160397,42
S00160398,25
S00160399,31
S00160400,15
S00160401,20
S00160402,20
S00160403,44
S00160404,31
S00160405,68
S00160406,17
S00160407,45
S00160408,81
S00160409,36
S00160410,18
S00160411,58
S00160412,34
S00160413,249
S00160414,44
S00160415,40
S00160416,23
S00160417,843
S00160418,12
S00160419,14
S00160420,55
S00160421,5
S00160422,61
S00160423,19
S00160424,216
S00160425,28
S00160426,56
S00160427,12
S00160428,18
S00160429,33
S00160430,11
S00160431,10
S00160432,34
S00160433,81
S00160434,51
S00160435,8
S00160436,9
S00160437,32
S00160438,24
S00160439,9
S00160440,15
S00160441,24
S00160442,23
S00160443,21
S00160444,17
S00160445,24
S00160446,18
S00160447,19
S00160448,43
S00160449,23
S00160450,19
S00160451,16
S00160452,19
S00160453,66
S00160454,12
S00160455,36
S00160456,20
S00160457,16
S00160458,52
S00160459,24
S00160460,10
S00160461,14
S00160462,13
S00160463,16
S00160464,55
S00160465,28
S00160466,18
S00160467,32
S00160468,22
S00160469,15
S00160470,20
S00160471,9
S00160472,26
S00160473,25
S00160474,38
S00160475,17
S00160476,24
S00160477,17
S00160478,13
S00160479,10
S00160480,7
S00160481,33
S00160482,25
S00160483,21
S00160484,52
S00160485,17
S00160486,32
S00160487,13
S00160488,32
S00160489,297
S00160490,7
S00160491,28
S00160492,34
S00160493,29
S00160494,41
S00160495,9
S00160496,86
S00160497,38
S00160498,18
S00160499,45
S00160500,49
S00160501,49
S00160502,15
S00160503,39
S00160504,11
S00160505,23
S00160506,35
S00160507,17
S00160508,25
S00160509,49
S00160510,23
S00160511,19
S00160512,36
S00160513,32
S00160514,61
S00160515,37
S00160516,38
S00160517,16
S00160518,32
S00160519,20
S00160520,25
S00160521,34
S00160522,34
S00160523,14
S00160524,74
S00160525,60
S00160526,49
S00160527,23
S00160528,29
S00160529,23
S00160530,55
S00160531,45
S00160532,23
S00160533,42
S00160534,20
S00160535,28
S00160536,10
S00160537,45
S00160538,16
S00160539,33
S00160540,16
S00160541,38
S00160542,24
S00160543,67
S00160544,11
S00160545,40
S00160546,16
S00160547,20
S00160548,16
S00160549,45
S00160550,54
S00160551,27
S00160552,382
S00160553,48
S00160554,26
S00160555,27
S00160556,50
S00160557,27
S00160558,23
S00160559,29
S00160560,24
S00160561,9
S00160562,17
S00160563,23
S00160564,32
S00160565,75
S00160566,51
S00160567,12
S00160568,18
S00160569,20
S00160570,49
S00160571,97
S00160572,13
S00160573,19
S00160574,45
S00160575,40
S00160576,29
S00160577,33
S00160578,20
S00160579,19
S00160580,23
S00160581,33
S00160582,26
S00160583,73
S00160584,24
S00160585,69
S00160586,15
S00160587,37
S00160588,22
S00160589,42
S00160590,28
S00160591,37
S00160592,54
S00160593,101
S00160594,87
S00160595,35
S00160596,17
S00160597,62
S00160598,180
S00160599,27
S00160600,19
S00160601,49
S00160602,10
S00160603,25
S00160604,13
S00160605,58
S00160606,41
S00160607,47
S00160608,13
S00160609,29
S00160610,25
S00160611,36
S00160612,13
S00160613,17
S00160614,22
S00160615,37
S00160616,11
S00160617,18
S00160618,25
S00160619,30
S00160620,34
S00160621,51
S00160622,42
S00160623,98
S00160624,34
S00160625,682
S00160626,23
S00160627,19
S00160628,94
S00160629,40
S00160630,32
S00160631,16
S00160632,19
S00160633,23
S00160634,85
S00160635,31
S00160636,29
S00160637,14
S00160638,40
S00160639,16
S00160640,27
S00160641,32
S00160642,30
S00160643,21
S00160644,38
S00160645,45
S00160646,17
S00160647,19
S00160648,80
S00160649,42
S00160650,29
S00160651,10
S00160652,127
S00160653,38
S00160654,74
S00160655,7
S00160656,55
S00160657,28
S00160658,21
S00160659,29
S00160660,334
S00160661,34
S00160662,29
S00160663,35
S00160664,80
S00160665,14
S00160666,39
S00160667,17
S00160668,16
S00160669,53
S00160670,56
S00160671,32
S00160672,27
S00160673,23
S00160674,19
S00160675,290
S00160676,8
S00160677,32
S00160678,25
S00160679,5
S00160680,27
S00160681,85
S00160682,99
S00160683,318
S00160684,179
S00160685,53
S00160686,48
S00160687,23
S00160688,26
S00160689,17
S00160690,81
S00160691,19
S00160692,61
S00160693,28
S00160694,45
S00160695,32
S00160696,49
S00160697,37
S00160698,45
S00160699,21
S00160700,28
S00160701,300
S00160702,35
S00160703,860
S00160704,46
S00160705,30
S00160706,56
S00160707,18
S00160708,33
S00160709,23
S00160710,18
S00160711,73
S00160712,81
S00160713,29
S00160714,18
S00160715,32
S00160716,92
S00160717,35
S00160718,16
S00160719,42
S00160720,63
S00160721,32
S00160722,11
S00160723,18
S00160724,24
S00160725,55
S00160726,33
S00160727,20
S00160728,"1,651"
S00160729,26
S00160730,9
S00160731,29
S00160732,38
S00160733,26
S00160734,65
S00160735,35
S00160736,15
S00160737,23
S00160738,30
S00160739,45
S00160740,52
S00160741,15
S00160742,21
S00160743,29
S00160744,21
S00160745,30
S00160746,34
S00160747,20
S00160748,121
S00160749,16
S00160750,"3,343"
S00160751,27
S00160752,44
S00160753,52
S00160754,45
S00160755,50
S00160756,23
S00160757,26
S00160758,97
S00160759,34
S00160760,19
S00160761,20
S00160762,48
S00160763,45
S00160764,64
S00160765,50
S00160766,28
S00160767,9
S00160768,49
S00160769,25
S00160770,61
S00160771,19
S00160772,23
S00160773,13
S00160774,31
S00160775,216
S00160776,16
S00160777,37
S00160778,52
S00160779,31
S00160780,40
S00160781,22
S00160782,93
S00160783,41
S00160784,21
S00160785,36
S00160786,18
S00160787,19
S00160788,27
S00160789,19
S00160790,51
S00160791,24
S00160792,30
S00160793,33
S00160794,30
S00160795,33
S00160796,54
S00160797,23
S00160798,27
S00160799,29
S00160800,24
S00160801,31
S00160802,26
S00160803,22
S00160804,29
S00160805,43
S00160806,29
S00160807,21
S00160808,162
S00160809,26
S00160810,23
S00160811,33
S00160812,8
S00160813,42
S00160814,15
S00160815,25
S00160816,52
S00160817,27
S00160818,33
S00160819,14
S00160820,27
S00160821,31
S00160822,411
S00160823,13
S00160824,47
S00160825,72
S00160826,28
S00160827,43
S00160828,37
S00160829,24
S00160830,30
S00160831,52
S00160832,15
S00160833,50
S00160834,19
S00160835,57
S00160836,25
S00160837,47
S00160838,34
S00160839,40
S00160840,101
S00160841,29
S00160842,21
S00160843,20
S00160844,38
S00160845,23
S00160846,37
S00160847,25
S00160848,23
S00160849,48
S00160850,25
S00160851,130
S00160852,59
S00160853,36
S00160854,48
S00160855,23
S00160856,25
S00160857,69
S00160858,43
S00160859,26
S00160860,37
S00160861,46
S00160862,19
S00160863,34
S00160864,60
S00160865,31
S00160866,37
S00160867,67
S00160868,36
S00160869,33
S00160870,88
S00160871,103
S00160872,60
S00160873,22
S00160874,54
S00160875,53
S00160876,33
S00160877,29
S00160878,48
S00160879,25
S00160880,34
S00160881,39
S00160882,101
S00160883,21
S00160884,53
S00160885,47
S00160886,20
S00160887,27
S00160888,29
S00160889,17
S00160890,38
S00160891,9
S00160892,34
S00160893,16
S00160894,45
S00160895,27
S00160896,23
S00160897,17
S00160898,45
S00160899,61
S00160900,81
S00160901,36
S00160902,43
S00160903,25
S00160904,28
S00160905,26
S00160906,36
S00160907,22
S00160908,52
S00160909,44
S00160910,108
S00160911,37
S00160912,43
S00160913,68
S00160914,33
S00160915,25
S00160916,21
S00160917,30
S00160918,48
S00160919,21
S00160920,16
S00160921,26
S00160922,9
S00160923,32
S00160924,35
S00160925,67
S00160926,63
S00160927,87
S00160928,31
S00160929,66
S00160930,45
S00160931,36
S00160932,24
S00160933,30
S00160934,15
S00160935,34
S00160936,54
S00160937,18
S00160938,33
S00160939,36
S00160940,24
S00160941,60
S00160942,92
S00160943,19
S00160944,66
S00160945,53
S00160946,31
S00160947,38
S00160948,49
S00160949,14
S00160950,27
S00160951,36
S00160952,90
S00160953,61
S00160954,69
S00160955,45
S00160956,25
S00160957,29
S00160958,36
S00160959,30
S00160960,18
S00160961,58
S00160962,25
S00160963,32
S00160964,49
S00160965,53
S00160966,67
S00160967,28
S00160968,62
S00160969,65
S00160970,17
S00160971,72
S00160972,804
S00160973,16
S00160974,35
S00160975,145
S00160976,23
S00160977,29
S00160978,70
S00160979,34
S00160980,31
S00160981,9
S00160982,10
S00160983,63
S00160984,30
S00160985,22
S00160986,53
S00160987,43
S00160988,91
S00160989,33
S00160990,48
S00160991,21
S00160992,32
S00160993,15
S00160994,14
S00160995,24
S00160996,32
S00160997,54
S00160998,17
S00160999,18
S00161000,23
S00161001,39
S00161002,54
S00161003,27
S00161004,34
S00161005,24
S00161006,28
S00161007,47
S00161008,30
S00161009,66
S00161010,34
S00161011,22
S00161012,49
S00161013,44
S00161014,23
S00161015,51
S00161016,42
S00161017,32
S00161018,22
S00161019,242
S00161020,103
S00161021,41
S00161022,60
S00161023,25
S00161024,55
S00161025,63
S00161026,30
S00161027,42
S00161028,140
S00161029,43
S00161030,25
S00161031,25
S00161032,35
S00161033,285
S00161034,62
S00161035,68
S00161036,58
S00161037,30
S00161038,19
S00161039,23
S00161040,42
S00161041,17
S00161042,41
S00161043,21
S00161044,108
S00161045,10
S00161046,48
S00161047,34
S00161048,34
S00161049,50
S00161050,17
S00161051,52
S00161052,65
S00161053,169
S00161054,40
S00161055,14
S00161056,32
S00161057,38
S00161058,25
S00161059,22
S00161060,29
S00161061,58
S00161062,34
S00161063,57
S00161064,47
S00161065,30
S00161066,31
S00161067,28
S00161068,40
S00161069,129
S00161070,31
S00161071,36
S00161072,30
S00161073,26
S00161074,31
S00161075,19
S00161076,70
S00161077,19
S00161078,32
S00161079,30
S00161080,18
S00161081,122
S00161082,17
S00161083,19
S00161084,21
S00161085,23
S00161086,27
S00161087,24
S00161088,29
S00161089,43
S00161090,23
S00161091,27
S00161092,23
S00161093,79
S00161094,28
S00161095,29
S00161096,22
S00161097,26
S00161098,29
S00161099,17
S00161100,31
S00161101,33
S00161102,21
S00161103,55
S00161104,29
S00161105,23
S00161106,44
S00161107,16
S00161108,22
S00161109,216
S00161110,30
S00161111,12
S00161112,25
S00161113,68
S00161114,40
S00161115,45
S00161116,50
S00161117,22
S00161118,17
S00161119,15
S00161120,166
S00161121,13
S00161122,40
S00161123,16
S00161124,6
S00161125,38
S00161126,113
S00161127,16
S00161128,20
S00161129,34
S00161130,20
S00161131,20
S00161132,22
S00161133,34
S00161134,31
S00161135,20
S00161136,22
S00161137,13
S00161138,36
S00161139,68
S00161140,29
S00161141,18
S00161142,42
S00161143,43
S00161144,26
S00161145,55
S00161146,27
S00161147,34
S00161148,24
S00161149,30
S00161150,25
S00161151,98
S00161152,30
S00161153,31
S00161154,8
S00161155,31
S00161156,69
S00161157,25
S00161158,44
S00161159,32
S00161160,49
S00161161,25
S00161162,19
S00161163,33
S00161164,15
S00161165,57
S00161166,26
S00161167,15
S00161168,52
S00161169,33
S00161170,42
S00161171,129
S00161172,31
S00161173,14
S00161174,57
S00161175,29
S00161176,23
S00161177,42
S00161178,50
S00161179,40
S00161180,51
S00161181,24
S00161182,31
S00161183,67
S00161184,38
S00161185,59
S00161186,100
S00161187,87
S00161188,23
S00161189,46
S00161190,20
S00161191,91
S00161192,253
S00161193,56
S00161194,48
S00161195,47
S00161196,40
S00161197,55
S00161198,32
S00161199,25
S00161200,16
S00161201,31
S00161202,17
S00161203,40
S00161204,47
S00161205,68
S00161206,9
S00161207,54
S00161208,50
S00161209,46
S00161210,34
S00161211,25
S00161212,43
S00161213,117
S00161214,33
S00161215,27
S00161216,27
S00161217,90
S00161218,55
S00161219,56
S00161220,81
S00161221,58
S00161222,8
S00161223,41
S00161224,29
S00161225,74
S00161226,27
S00161227,27
S00161228,40
S00161229,46
S00161230,38
S00161231,18
S00161232,15
S00161233,20
S00161234,21
S00161235,20
S00161236,26
S00161237,21
S00161238,47
S00161239,35
S00161240,144
S00161241,34
S00161242,18
S00161243,117
S00161244,26
S00161245,173
S00161246,87
S00161247,19
S00161248,21
S00161249,31
S00161250,20
S00161251,23
S00161252,15
S00161253,18
S00161254,37
S00161255,23
S00161256,32
S00161257,35
S00161258,16
S00161259,53
S00161260,46
S00161261,139
S00161262,15
S00161263,44
S00161264,55
S00161265,24
S00161266,26
S00161267,9
S00161268,20
S00161269,22
S00161270,17
S00161271,56
S00161272,40
S00161273,32
S00161274,41
S00161275,22
S00161276,27
S00161277,50
S00161278,35
S00161279,32
S00161280,13
S00161281,21
S00161282,26
S00161283,21
S00161284,25
S00161285,21
S00161286,32
S00161287,25
S00161288,24
S00161289,135
S00161290,90
S00161291,36
S00161292,21
S00161293,"1,495"
S00161294,70
S00161295,25
S00161296,41
S00161297,73
S00161298,69
S00161299,40
S00161300,25
S00161301,25
S00161302,10
S00161303,34
S00161304,78
S00161305,27
S00161306,10
S00161307,12
S00161308,21
S00161309,23
S00161310,47
S00161311,22
S00161312,39
S00161313,165
S00161314,19
S00161315,90
S00161316,34
S00161317,34
S00161318,46
S00161319,53
S00161320,37
S00161321,25
S00161322,28
S00161323,28
S00161324,22
S00161325,21
S00161326,49
S00161327,17
S00161328,77
S00161329,134
S00161330,36
S00161331,56
S00161332,31
S00161333,19
S00161334,16
S00161335,26
S00161336,35
S00161337,26
S00161338,25
S00161339,12
S00161340,7
S00161341,23
S00161342,94
S00161343,24
S00161344,30
S00161345,23
S00161346,26
S00161347,66
S00161348,32
S00161349,49
S00161350,25
S00161351,9
S00161352,35
S00161353,26
S00161354,76
S00161355,16
S00161356,43
S00161357,32
S00161358,28
S00161359,20
S00161360,31
S00161361,27
S00161362,29
S00161363,53
S00161364,51
S00161365,54
S00161366,26
S00161367,30
S00161368,22
S00161369,37
S00161370,8
S00161371,42
S00161372,32
S00161373,47
S00161374,21
S00161375,34
S00161376,53
S00161377,13
S00161378,30
S00161379,29
S00161380,22
S00161381,25
S00161382,21
S00161383,43
S00161384,41
S00161385,38
S00161386,27
S00161387,64
S00161388,19
S00161389,39
S00161390,13
S00161391,33
S00161392,29
S00161393,21
S00161394,42
S00161395,20
S00161396,36
S00161397,23
S00161398,19
S00161399,28
S00161400,38
S00161401,23
S00161402,27
S00161403,21
S00161404,38
S00161405,26
S00161406,61
S00161407,57
S00161408,26
S00161409,209
S00161410,26
S00161411,34
S00161412,19
S00161413,15
S00161414,46
S00161415,26
S00161416,17
S00161417,23
S00161418,23
S00161419,28
S00161420,37
S00161421,46
S00161422,17
S00161423,30
S00161424,52
S00161425,17
S00161426,21
S00161427,32
S00161428,18
S00161429,29
S00161430,77
S00161431,34
S00161432,36
S00161433,28
S00161434,28
S00161435,22
S00161436,26
S00161437,47
S00161438,15
S00161439,27
S00161440,20
S00161441,17
S00161442,35
S00161443,16
S00161444,85
S00161445,28
S00161446,29
S00161447,22
S00161448,13
S00161449,16
S00161450,25
S00161451,32
S00161452,31
S00161453,33
S00161454,27
S00161455,35
S00161456,8
S00161457,38
S00161458,45
S00161459,46
S00161460,17
S00161461,16
S00161462,9
S00161463,34
S00161464,24
S00161465,27
S00161466,21
S00161467,13
S00161468,23
S00161469,223
S00161470,47
S00161471,27
S00161472,39
S00161473,16
S00161474,19
S00161475,46
S00161476,39
S00161477,120
S00161478,79
S00161479,16
S00161480,33
S00161481,16
S00161482,24
S00161483,18
S00161484,23
S00161485,25
S00161486,52
S00161487,40
S00161488,43
S00161489,29
S00161490,47
S00161491,37
S00161492,34
S00161493,23
S00161494,50
S00161495,44
S00161496,28
S00161497,17
S00161498,44
S00161499,15
S00161500,9
S00161501,25
S00161502,16
S00161503,48
S00161504,23
S00161505,30
S00161506,29
S00161507,41
S00161508,52
S00161509,123
S00161510,18
S00161511,20
S00161512,35
S00161513,12
S00161514,39
S00161515,59
S00161516,55
S00161517,31
S00161518,34
S00161519,17
S00161520,25
S00161521,31
S00161522,55
S00161523,17
S00161524,17
S00161525,18
S00161526,36
S00161527,42
S00161528,33
S00161529,17
S00161530,68
S00161531,44
S00161532,65
S00161533,17
S00161534,25
S00161535,57
S00161536,23
S00161537,9
S00161538,21
S00161539,29
S00161540,24
S00161541,17
S00161542,26
S00161543,29
S00161544,28
S00161545,22
S00161546,27
S00161547,20
S00161548,113
S00161549,118
S00161550,12
S00161551,44
S00161552,24
S00161553,36
S00161554,19
S00161555,9
S00161556,22
S00161557,34
S00161558,40
S00161559,33
S00161560,31
S00161561,17
S00161562,33
S00161563,107
S00161564,59
S00161565,9
S00161566,23
S00161567,25
S00161568,49
S00161569,6
S00161570,18
S00161571,25
S00161572,12
S00161573,28
S00161574,19
S00161575,32
S00161576,185
S00161577,6
S00161578,33
S00161579,25
S00161580,34
S00161581,16
S00161582,24
S00161583,22
S00161584,33
S00161585,19
S00161586,94
S00161587,12
S00161588,11
S00161589,77
S00161590,65
S00161591,109
S00161592,32
S00161593,31
S00161594,46
S00161595,45
S00161596,37
S00161597,28
S00161598,29
S00161599,18
S00161600,52
S00161601,31
S00161602,25
S00161603,35
S00161604,23
S00161605,28
S00161606,70
S00161607,24
S00161608,28
S00161609,20
S00161610,28
S00161611,24
S00161612,58
S00161613,19
S00161614,27
S00161615,22
S00161616,16
S00161617,42
S00161618,19
S00161619,70
S00161620,49
S00161621,37
S00161622,32
S00161623,31
S00161624,32
S00161625,27
S00161626,36
S00161627,26
S00161628,25
S00161629,34
S00161630,16
S00161631,12
S00161632,18
S00161633,12
S00161634,20
S00161635,35
S00161636,49
S00161637,42
S00161638,25
S00161639,54
S00161640,24
S00161641,36
S00161642,25
S00161643,51
S00161644,20
S00161645,23
S00161646,24
S00161647,16
S00161648,31
S00161649,36
S00161650,43
S00161651,11
S00161652,23
S00161653,11
S00161654,30
S00161655,17
S00161656,21
S00161657,32
S00161658,47
S00161659,21
S00161660,42
S00161661,17
S00161662,17
S00161663,16
S00161664,17
S00161665,26
S00161666,33
S00161667,19
S00161668,27
S00161669,50
S00161670,23
S00161671,7
S00161672,35
S00161673,29
S00161674,97
S00161675,73
S00161676,16
S00161677,19
S00161678,26
S00161679,27
S00161680,52
S00161681,20
S00161682,9
S00161683,66
S00161684,36
S00161685,45
S00161686,18
S00161687,37
S00161688,145
S00161689,45
S00161690,26
S00161691,396
S00161692,157
S00161693,38
S00161694,15
S00161695,14
S00161696,26
S00161697,7
S00161698,19
S00161699,25
S00161700,70
S00161701,29
S00161702,24
S00161703,18
S00161704,28
S00161705,24
S00161706,23
S00161707,37
S00161708,31
S00161709,19
S00161710,32
S00161711,33
S00161712,24
S00161713,13
S00161714,46
S00161715,29
S00161716,20
S00161717,27
S00161718,166
S00161719,142
S00161720,36
S00161721,38
S00161722,19
S00161723,15
S00161724,22
S00161725,32
S00161726,48
S00161727,28
S00161728,71
S00161729,13
S00161730,50
S00161731,41
S00161732,25
S00161733,106
S00161734,30
S00161735,29
S00161736,15
S00161737,31
S00161738,27
S00161739,53
S00161740,20
S00161741,27
S00161742,32
S00161743,23
S00161744,14
S00161745,19
S00161746,31
S00161747,22
S00161748,24
S00161749,16
S00161750,15
S00161751,29
S00161752,34
S00161753,23
S00161754,29
S00161755,21
S00161756,20
S00161757,24
S00161758,60
S00161759,24
S00161760,37
S00161761,19
S00161762,27
S00161763,22
S00161764,23
S00161765,19
S00161766,16
S00161767,51
S00161768,29
S00161769,25
S00161770,48
S00161771,2
S00161772,48
S00161773,31
S00161774,37
S00161775,46
S00161776,22
S00161777,17
S00161778,69
S00161779,12
S00161780,25
S00161781,30
S00161782,40
S00161783,63
S00161784,26
S00161785,22
S00161786,24
S00161787,23
S00161788,24
S00161789,81
S00161790,57
S00161791,22
S00161792,38
S00161793,25
S00161794,15
S00161795,20
S00161796,126
S00161797,17
S00161798,43
S00161799,11
S00161800,56
S00161801,21
S00161802,25
S00161803,17
S00161804,26
S00161805,13
S00161806,35
S00161807,33
S00161808,7
S00161809,10
S00161810,18
S00161811,37
S00161812,38
S00161813,16
S00161814,33
S00161815,72
S00161816,17
S00161817,22
S00161818,24
S00161819,144
S00161820,15
S00161821,13
S00161822,17
S00161823,19
S00161824,13
S00161825,19
S00161826,27
S00161827,21
S00161828,15
S00161829,37
S00161830,6
S00161831,73
S00161832,44
S00161833,78
S00161834,18
S00161835,25
S00161836,33
S00161837,16
S00161838,77
S00161839,16
S00161840,18
S00161841,21
S00161842,21
S00161843,11
S00161844,41
S00161845,21
S00161846,25
S00161847,24
S00161848,59
S00161849,31
S00161850,24
S00161851,26
S00161852,29
S00161853,24
S00161854,15
S00161855,26
S00161856,23
S00161857,34
S00161858,25
S00161859,36
S00161860,52
S00161861,27
S00161862,34
S00161863,53
S00161864,58
S00161865,14
S00161866,18
S00161867,21
S00161868,20
S00161869,24
S00161870,5
S00161871,457
S00161872,12
S00161873,23
S00161874,80
S00161875,15
S00161876,24
S00161877,11
S00161878,12
S00161879,18
S00161880,8
S00161881,8
S00161882,22
S00161883,60
S00161884,22
S00161885,23
S00161886,22
S00161887,24
S00161888,18
S00161889,14
S00161890,25
S00161891,17
S00161892,18
S00161893,24
S00161894,17
S00161895,25
S00161896,43
S00161897,27
S00161898,9
S00161899,16
S00161900,45
S00161901,86
S00161902,308
S00161903,322
S00161904,22
S00161905,32
S00161906,40
S00161907,288
S00161908,21
S00161909,12
S00161910,43
S00161911,21
S00161912,25
S00161913,18
S00161914,7
S00161915,23
S00161916,45
S00161917,27
S00161918,38
S00161919,20
S00161920,7
S00161921,32
S00161922,24
S00161923,61
S00161924,6
S00161925,620
S00161926,19
S00161927,18
S00161928,16
S00161929,35
S00161930,34
S00161931,19
S00161932,18
S00161933,43
S00161934,10
S00161935,33
S00161936,15
S00161937,15
S00161938,3
S00161939,40
S00161940,37
S00161941,93
S00161942,34
S00161943,16
S00161944,34
S00161945,4
S00161946,21
S00161947,15
S00161948,36
S00161949,83
S00161950,19
S00161951,22
S00161952,85
S00161953,67
S00161954,12
S00161955,73
S00161956,38
S00161957,25
S00161958,27
S00161959,27
S00161960,15
S00161961,16
S00161962,30
S00161963,25
S00161964,13
S00161965,48
S00161966,7
S00161967,18
S00161968,16
S00161969,29
S00161970,32
S00161971,11
S00161972,6
S00161973,4
S00161974,19
S00161975,29
S00161976,18
S00161977,20
S00161978,24
S00161979,13
S00161980,46
S00161981,20
S00161982,19
S00161983,26
S00161984,12
S00161985,29
S00161986,41
S00161987,25
S00161988,94
S00161989,32
S00161990,40
S00161991,32
S00161992,42
S00161993,46
S00161994,38
S00161995,71
S00161996,29
S00161997,46
S00161998,14
S00161999,32
S00162000,14
S00162001,15
S00162002,69
S00162003,47
S00162004,32
S00162005,42
S00162006,36
S00162007,13
S00162008,22
S00162009,54
S00162010,42
S00162011,18
S00162012,36
S00162013,13
S00162014,37
S00162015,40
S00162016,20
S00162017,18
S00162018,12
S00162019,104
S00162020,6
S00162021,41
S00162022,37
S00162023,50
S00162024,7
S00162025,33
S00162026,10
S00162027,17
S00162028,31
S00162029,24
S00162030,40
S00162031,35
S00162032,35
S00162033,54
S00162034,49
